,Instagram,I_Followers
0,https://instagram.com/kcandthesunshineband,44699
1,https://instagram.com/theofficialccr,113278
2,https://instagram.com/usher,10371810
3,https://instagram.com/thegr8khalid,7538874
4,https://instagram.com/juicewrld999,12139654
5,https://instagram.com/jbalvin,52775989
6,https://instagram.com/wearegalantis,1103971
7,https://instagram.com/kingpush,3004227
8,https://instagram.com/zyramusicofficial,133388
9,https://instagram.com/smino,714184
10,https://instagram.com/unclekracker,47728
11,https://instagram.com/wutangclan,1920795
12,https://instagram.com/systemofadown,2896353
13,https://instagram.com/omar.apollo/,429361
14,https://instagram.com/itzy.all.in.us/,17785138
15,https://instagram.com/georgestrait/,1499725
16,https://instagram.com/nfrealmusic,3010581
17,https://instagram.com/aventuraworldwide,4737
18,https://instagram.com/icecube,24286396
19,https://instagram.com/imaginedragons,5643723
20,https://instagram.com/nba_youngboy,10575153
21,https://instagram.com/eyedress,254444
22,https://instagram.com/zhu,293524
23,https://instagram.com/farrukoofficial,-1
24,https://instagram.com/siamusic,7125582
25,https://instagram.com/volbeat,465938
26,https://instagram.com/Eminem,36498782
27,https://instagram.com/oasis/,1309518
28,https://instagram.com/RJMrLA,245489
29,https://instagram.com/kinggizzard,395639
30,https://instagram.com/chilipeppers,4698198
31,https://instagram.com/auroramusic,2288545
32,https://instagram.com/bhadbhabie,16371070
33,https://instagram.com/tchami,510171
34,https://instagram.com/burnaboygram,11285411
35,https://instagram.com/aquilo,37857
36,https://instagram.com/swaelee,10578163
37,https://instagram.com/nlechoppamusic,5026248
38,https://instagram.com/zlatan_ibile,6354105
39,https://instagram.com/pitbull,9534463
40,https://instagram.com/Pnbrock,2541776
41,https://instagram.com/erb,126179
42,https://instagram.com/torylanez,11751946
43,https://instagram.com/logic,6700882
44,https://instagram.com/cheathamchurch,-1
45,https://instagram.com/steve.lacy,2505878
46,https://instagram.com/wyclefjean,2030544
47,https://instagram.com/gwenstefani,14417353
48,https://instagram.com/oquesgrasses,115857
49,https://instagram.com/uditnarayanmusic/,372842
50,https://instagram.com/charlieputh,16655287
51,https://instagram.com/aoifemaria,38802
52,https://instagram.com/nav,2113783
53,https://instagram.com/postmalone,22576415
54,https://instagram.com/glassanimals,657225
55,https://instagram.com/flagaline,746
56,https://instagram.com/OtisRedding,79330
57,https://instagram.com/jpsaxe,329074
58,https://instagram.com/sferaebbasta,3962896
59,https://instagram.com/fhana_official/,7497
60,https://instagram.com/officialtlc,202338
61,https://instagram.com/heartofficial,78349
62,https://instagram.com/ykosiris,3086511
63,https://instagram.com/illenium,743307
64,https://instagram.com/yhungto,211089
65,https://instagram.com/gorillaz,3998467
66,https://instagram.com/g_theprince,339600
67,https://instagram.com/LedZeppelin,1567970
68,https://instagram.com/jackharlow,6857911
69,https://instagram.com/nghtmre,606565
70,https://instagram.com/teddysphotos,40056257
71,https://instagram.com/eurythmicsmusic/,60397
72,https://instagram.com/nsync,356129
73,https://instagram.com/EvanescenceOfficial,1528950
74,https://instagram.com/kanyewest,16537778
75,https://instagram.com/amine,1697406
76,https://instagram.com/jheneaiko,14983623
77,https://instagram.com/eagles,45654
78,https://instagram.com/theweeknd,41987157
79,https://instagram.com/EnriqueIglesias,17061647
80,https://instagram.com/odesza,564070
81,https://instagram.com/mtjoyband,131954
82,https://instagram.com/yg,8304025
83,https://instagram.com/kidcudi/,3423057
84,https://instagram.com/yfnlucci,5134830
85,https://instagram.com/liluzivert,16387879
86,https://instagram.com/axwellingrosso,-1
87,https://instagram.com/bobmarley,6514600
88,https://instagram.com/zztop,420832
89,https://instagram.com/airsupplymusic,40947
90,https://instagram.com/turnpiketroubadours,251784
91,https://instagram.com/theslumpgod,5391335
92,https://instagram.com/_mariahwasa,8292761
93,https://instagram.com/ericchurchmusic/,1266546
94,https://instagram.com/kb_hga,367883
95,https://instagram.com/kaliuchis,4007006
96,https://instagram.com/gjan,35133
97,https://instagram.com/jellyroll615,902591
98,https://instagram.com/berlinphil,434651
99,https://instagram.com/ohwondermusic,258782
100,https://instagram.com/cncomusic,3703438
101,https://instagram.com/officialxscape,887808
102,https://instagram.com/XtotheV,10695
103,https://instagram.com/gymclassheroes,65243
104,https://instagram.com/dababy,21278863
105,https://instagram.com/keithurban,2623977
106,https://instagram.com/feid/,4556542
107,https://instagram.com/rac,42497
108,https://instagram.com/whoismgmt,392191
109,https://instagram.com/iam_ycee,2195898
110,https://instagram.com/nickiminaj,201808326
111,https://instagram.com/rvssian/,1042179
112,https://instagram.com/pkfreestyle,1830499
113,https://instagram.com/uqiyo2010/,4031
114,https://instagram.com/playboicarti,8617758
115,https://instagram.com/vancejoy,608721
116,https://instagram.com/ogxparker,270460
117,https://instagram.com/5fpd,-1
118,https://instagram.com/whitneyhouston,796581
119,https://instagram.com/outkast,455090
120,https://instagram.com/bjthechicagokid/,225047
121,https://instagram.com/excision,805552
122,https://instagram.com/jjhellermusic,57006
123,https://instagram.com/mustard/,3001322
124,https://instagram.com/gunna,4484872
125,https://instagram.com/jidsv/,1312300
126,https://instagram.com/onerepublic,2422661
127,https://instagram.com/ggmagree,143688
128,https://instagram.com/viennaphilharmonic,280214
129,https://instagram.com/sinatra,479940
130,https://instagram.com/oekiin,5832
131,https://instagram.com/theestallion/,29586676
132,https://instagram.com/ybnnahmir,3662032
133,https://instagram.com/panicatthedisco,4503053
134,https://instagram.com/taylorswift,222596603
135,https://instagram.com/xylo,69099
136,https://instagram.com/ZPU,144617
137,https://instagram.com/lvndscape,54046
138,https://instagram.com/ozuna,22463566
139,https://instagram.com/billieeilish,105647436
140,https://instagram.com/cigsaftersex,1292848
141,https://instagram.com/sechmusic,6654379
142,https://instagram.com/acdc,3957109
143,https://instagram.com/bear,4218324
