,index,Name,ID,Instagram,Wikipedia,SpotifyFollowers,MonthlyListeners,Singles,TopTrackPlays,EarliestAlbum,MonthSinceRelease,Albums,AppearsOn,DiscoveredOn,Unnamed: 0_x,I_Followers,Origin,Genre,Years_Active,Main.Genre,dum_eng,dum_spa,dum_country,dum_dance,dum_electronic,dum_folk,dum_hiphop,dum_r&b
0,0,KC & The Sunshine Band,3mQBpAOMWYqAZyxtyeo4Lo,https://instagram.com/kcandthesunshineband,https://en.wikipedia.org/wiki/KC_and_the_Sunshine_Band,815778,4571722,26,156028744,2004-10-26,214,16,511,93,0,44699,United States,disco,49.0,dance music,1.0,0.0,0.0,1.0,0.0,0.0,0.0,0.0
1,1,Creedence Clearwater Revival,3IYUhFvPQItj6xySrBmZkd,https://instagram.com/theofficialccr,https://en.wikipedia.org/wiki/Creedence_Clearwater_Revival,5232325,18945310,2,861934638,1969-11-02,633,16,300,91,1,113278,United States,roots rock,63.0,rock,1.0,0.0,0.0,0.0,0.0,0.0,0.0,1.0
2,2,Khalid,6LuN9FCkKOj5PcnpouEgny,https://instagram.com/thegr8khalid,https://en.wikipedia.org/wiki/Khalid_(singer),15490969,49380117,80,1895165563,2017-04-27,64,4,402,90,3,7538874,United States,r&b,6.0,r&b,1.0,0.0,0.0,0.0,0.0,0.0,0.0,0.0
3,3,Juice WRLD,4MCBfE4596Uoi2O4DtmEMz,https://instagram.com/juicewrld999,https://en.wikipedia.org/wiki/Juice_Wrld,25331060,28650340,21,2020895520,2018-10-19,46,6,461,91,4,12139654,United States,hip hop,7.0,hip hop,1.0,0.0,0.0,0.0,0.0,0.0,1.0,0.0
4,4,Galantis,4sTQVOfp9vEMCemLw50sbu,https://instagram.com/wearegalantis,https://en.wikipedia.org/wiki/Galantis,3263557,16842654,124,762603033,2015-06-05,86,3,375,93,6,1103971,Sweden,electro house,10.0,electronic music,0.0,0.0,0.0,0.0,1.0,0.0,0.0,0.0
5,5,Pusha T,0ONHkAv9pCAFxb0zJwDNTy,https://instagram.com/kingpush,https://en.wikipedia.org/wiki/Pusha_T,2557069,7885434,22,147460257,2011-11-08,129,8,335,89,7,3004227,United States,hip hop,29.0,hip hop,1.0,0.0,0.0,0.0,0.0,0.0,1.0,0.0
6,6,Zyra,0DGAOR3KtqWwWSwDzhzqOa,https://instagram.com/zyramusicofficial,https://en.wikipedia.org/wiki/Zyra_(singer),5994,11393,10,25501,2021-10-15,10,3,11,36,8,133388,United Kingdom,electronic,8.0,electronic music,1.0,0.0,0.0,0.0,1.0,0.0,0.0,0.0
7,7,Smino,1ybINI1qPiFbwDXamRtwxD,https://instagram.com/smino,https://en.wikipedia.org/wiki/Smino,663439,3427256,30,83189913,2017-03-14,65,2,99,90,9,714184,United States,hip hop,13.0,hip hop,1.0,0.0,0.0,0.0,0.0,0.0,1.0,0.0
8,8,Uncle Kracker,2DnqqkzzDKm3vAoyHtn8So,https://instagram.com/unclekracker,https://en.wikipedia.org/wiki/Uncle_Kracker,626606,4407827,9,255130902,2000-06-13,266,7,376,92,10,47728,United States,rock,35.0,rock,1.0,0.0,0.0,0.0,0.0,0.0,0.0,1.0
9,9,Wu-Tang Clan,34EP7KEpOjXcM2TCat1ISk,https://instagram.com/wutangclan,https://en.wikipedia.org/wiki/Wu-Tang_Clan,2466466,4747673,30,299968574,2008-09-22,167,20,101,89,11,1920795,United States,hip hop,30.0,hip hop,1.0,0.0,0.0,0.0,0.0,0.0,1.0,0.0
10,10,System Of A Down,5eAWCfyUhZtHHtBdNk56l1,https://instagram.com/systemofadown,https://en.wikipedia.org/wiki/System_of_a_Down,8484222,12823725,4,858471740,1998-12-30,284,5,13,88,12,2896353,United States,alternative metal,28.0,rock,1.0,0.0,0.0,0.0,0.0,0.0,0.0,1.0
11,11,ITZY,2KC9Qb60EaY0kW4eH68vr3,https://instagram.com/itzy.all.in.us/,https://en.wikipedia.org/wiki/itzy,4601416,6593058,14,254425923,2020-03-09,29,3,1,92,14,17785138,South Korea,k-pop,3.0,pop,0.0,0.0,0.0,0.0,0.0,0.0,0.0,0.0
12,12,George Strait,5vngPClqofybhPERIqQMYd,https://instagram.com/georgestrait/,https://en.wikipedia.org/wiki/George_Strait,3321785,6105532,8,163864480,2007-01-01,187,41,226,91,15,1499725,United States,country,46.0,country,1.0,0.0,1.0,0.0,0.0,0.0,0.0,0.0
13,13,Aventura,1qto4hHid1P71emI6Fd8xi,https://instagram.com/aventuraworldwide,https://en.wikipedia.org/wiki/Aventura_(band),6273081,14794054,9,528512645,1999-12-30,272,7,11,93,17,4737,United States,bachata,28.0,dance music,1.0,0.0,0.0,1.0,0.0,0.0,0.0,0.0
14,14,Imagine Dragons,53XhwfbYqKCa1cC15pYq2q,https://instagram.com/imaginedragons,https://en.wikipedia.org/wiki/Imagine_Dragons,42034338,52836818,41,2184422251,2012-09-04,119,7,1262,92,19,5643723,United States,pop rock,14.0,pop,1.0,0.0,0.0,0.0,0.0,0.0,0.0,0.0
15,15,YoungBoy Never Broke Again,7wlFDEWiM5OoIAt8RSli8b,https://instagram.com/nba_youngboy,https://en.wikipedia.org/wiki/YoungBoy_Never_Broke_Again,9416195,16977214,52,736205273,2020-11-13,21,26,587,91,20,10575153,United States,hip hop,7.0,hip hop,1.0,0.0,0.0,0.0,0.0,0.0,1.0,0.0
16,16,Eyedress,3XxNRirzbjfLdDli06zMaB,https://instagram.com/eyedress,https://en.wikipedia.org/wiki/Eyedress,853154,6856069,32,291374910,2012-12-30,116,10,21,93,21,254444,Philippines,bedroom pop,14.0,pop,0.0,0.0,0.0,0.0,0.0,0.0,0.0,0.0
17,17,ZHU,28j8lBWDdDSHSSt5oPlsX2,https://instagram.com/zhu,https://en.wikipedia.org/wiki/zhu_(musician),792624,4598430,55,271631199,2016-07-29,73,4,80,87,22,293524,United States,electronic,8.0,electronic music,1.0,0.0,0.0,0.0,1.0,0.0,0.0,0.0
18,18,Volbeat,0L5fC7Ogm2YwgqVCRcF1bT,https://instagram.com/volbeat,https://en.wikipedia.org/wiki/Volbeat,2172520,4602209,3,245992134,2010-09-10,143,12,33,87,25,465938,Denmark,heavy metal,21.0,rock,0.0,0.0,0.0,0.0,0.0,0.0,0.0,1.0
19,19,Oasis,2DaxqgrOhkeH0fpeiQq2f4,https://instagram.com/oasis/,https://en.wikipedia.org/wiki/Oasis_(band),7656766,16572709,33,1456420018,1995-12-30,320,11,10,91,27,1309518,United Kingdom,rock,31.0,rock,1.0,0.0,0.0,0.0,0.0,0.0,0.0,1.0
20,20,RJMrLA,6kQWPGBItT0oMCHZy3M9DN,https://instagram.com/RJMrLA,https://en.wikipedia.org/wiki/RJ_(rapper),108341,973787,30,46674619,2013-09-25,107,10,70,91,28,245489,United States,hip hop,10.0,hip hop,1.0,0.0,0.0,0.0,0.0,0.0,1.0,0.0
21,21,King Gizzard & The Lizard Wizard,6XYvaoDGE0VmRt83Jss9Sn,https://instagram.com/kinggizzard,https://en.wikipedia.org/wiki/King_Gizzard_%26_the_Lizard_Wizard,834765,1445038,5,34669655,2017-12-31,56,23,5,88,29,395639,Australia,psychedelic rock,12.0,rock,1.0,0.0,0.0,0.0,0.0,0.0,0.0,1.0
22,22,Red Hot Chili Peppers,0L8ExT028jH3ddEcZwqJJ5,https://instagram.com/chilipeppers,https://en.wikipedia.org/wiki/Red_Hot_Chili_Peppers,18590907,26086136,21,982767409,1995-09-12,323,16,138,90,30,4698198,United States,funk rock,39.0,rock,1.0,0.0,0.0,0.0,0.0,0.0,0.0,1.0
23,23,Bhad Bhabie,7DuTB6wdzqFJGFLSH17k8e,https://instagram.com/bhadbhabie,https://en.wikipedia.org/wiki/Danielle_Bregoli,3096872,2725362,23,199144571,2018-09-18,47,1,124,89,32,16371070,United States,hip hop,6.0,hip hop,1.0,0.0,0.0,0.0,0.0,0.0,1.0,0.0
24,24,Burna Boy,3wcj11K77LjEY1PkEazffa,https://instagram.com/burnaboygram,https://en.wikipedia.org/wiki/Burna_Boy,3001267,18407058,42,344365779,2013-08-12,108,7,380,93,34,11285411,Niger,afrobeats,12.0,dance music,0.0,0.0,0.0,1.0,0.0,0.0,0.0,0.0
25,25,Aquilo,26GHRG8x1F4AzbCKzUaIbw,https://instagram.com/aquilo,https://en.wikipedia.org/wiki/Aquilo_(band),289208,1989584,26,90393022,2017-01-27,67,3,97,90,35,37857,United Kingdom,electronic,9.0,electronic music,1.0,0.0,0.0,0.0,1.0,0.0,0.0,0.0
26,26,Swae Lee,1zNqQNIdeOUZHb8zbZRFMX,https://instagram.com/swaelee,https://en.wikipedia.org/wiki/Swae_Lee,1529397,24358224,25,2380027961,2018-05-04,51,2,372,89,36,10578163,United States,hip hop,14.0,hip hop,1.0,0.0,0.0,0.0,0.0,0.0,1.0,0.0
27,27,NLE Choppa,0ErzCpIMyLcjPiwT4elrtZ,https://instagram.com/nlechoppamusic,https://en.wikipedia.org/wiki/NLE_Choppa,4998314,8652385,63,395082243,2019-12-23,32,3,450,91,37,5026248,United States,hip hop,4.0,hip hop,1.0,0.0,0.0,0.0,0.0,0.0,1.0,0.0
28,28,Zlatan,4mSWNal2Ixxf1zrXSTLoep,https://instagram.com/zlatan_ibile,https://en.wikipedia.org/wiki/Zlatan_(musician),255822,276678,66,15655554,2019-11-01,33,2,246,91,38,6354105,Niger,afrobeats,8.0,dance music,0.0,0.0,0.0,1.0,0.0,0.0,0.0,0.0
29,29,PnB Rock,21WS9wngs9AqFckK7yYJPM,https://instagram.com/Pnbrock,https://en.wikipedia.org/wiki/PnB_Rock,3413464,5460695,35,360651392,2015-10-30,82,7,317,88,40,2541776,United States,hip hop,8.0,hip hop,1.0,0.0,0.0,0.0,0.0,0.0,1.0,0.0
30,30,Tory Lanez,2jku7tDXc6XoB6MO2hFuqg,https://instagram.com/torylanez,https://en.wikipedia.org/wiki/Tory_Lanez,4553871,15902766,79,596894712,2016-08-19,72,10,659,89,42,11751946,Canada,hip hop,13.0,hip hop,1.0,0.0,0.0,0.0,0.0,0.0,1.0,0.0
31,31,Steve Lacy,57vWImR43h4CaDao012Ofp,https://instagram.com/steve.lacy,https://en.wikipedia.org/wiki/Steve_Lacy_(musician),1851823,25389036,16,537015810,2019-05-24,39,3,32,95,45,2505878,United States,alternative r&b,9.0,r&b,1.0,0.0,0.0,0.0,0.0,0.0,0.0,0.0
32,32,Charlie Puth,6VuMaDnrHyPL1p4EHjYLi7,https://instagram.com/charlieputh,https://en.wikipedia.org/wiki/Charlie_Puth,17146877,44133132,42,1434970877,2016-01-29,79,3,901,93,50,16655287,United States,pop,13.0,pop,1.0,0.0,0.0,0.0,0.0,0.0,0.0,0.0
33,33,Aoife O'Donovan,1f3ubTd6eyxuy30ddDJQQa,https://instagram.com/aoifemaria,https://en.wikipedia.org/wiki/Aoife_O%27Donovan,47114,886169,21,6696705,2013-06-11,110,4,38,92,51,38802,United States,folk rock,21.0,rock,1.0,0.0,0.0,0.0,0.0,0.0,0.0,1.0
34,34,NAV,7rkW85dBwwrJtlHRDkJDAC,https://instagram.com/nav,https://en.wikipedia.org/wiki/Nav_(rapper),3051313,11673643,10,327077912,2017-02-24,66,8,79,89,52,2113783,Canada,hip hop,8.0,hip hop,1.0,0.0,0.0,0.0,0.0,0.0,1.0,0.0
35,35,Glass Animals,4yvcSjfu4PC0CYQyLy4wSq,https://instagram.com/glassanimals,https://en.wikipedia.org/wiki/Glass_Animals,3205525,34916031,43,1905463074,2014-06-03,98,6,801,93,54,657225,United Kingdom,indie rock,12.0,rock,1.0,0.0,0.0,0.0,0.0,0.0,0.0,1.0
36,36,Florida Georgia Line,3b8QkneNDz4JHKKKlLgYZg,https://instagram.com/flagaline,https://en.wikipedia.org/wiki/Florida_Georgia_Line,4859309,12192896,18,1166209514,2012-01-01,127,9,515,90,55,746,United States,country,12.0,country,1.0,0.0,1.0,0.0,0.0,0.0,0.0,0.0
37,37,Otis Redding,60df5JBRRPcnSpsIMxxwQm,https://instagram.com/OtisRedding,https://en.wikipedia.org/wiki/Otis_Redding,1971878,6378746,7,466341308,1968-02-23,654,21,734,93,56,79330,United States,soul,64.0,r&b,1.0,0.0,0.0,0.0,0.0,0.0,0.0,0.0
38,38,JP Saxe,66W9LaWS0DPdL7Sz8iYGYe,https://instagram.com/jpsaxe,https://en.wikipedia.org/wiki/JP_Saxe,364094,7204486,26,842383392,2021-06-25,14,3,13,93,57,329074,Canada,soul,10.0,r&b,1.0,0.0,0.0,0.0,0.0,0.0,0.0,0.0
39,39,Sfera Ebbasta,23TFHmajVfBtlRx5MXqgoz,https://instagram.com/sferaebbasta,https://wikipedia.org/wiki/Sfera_Ebbasta,4923956,7338874,27,140071235,2015-11-23,81,5,169,92,58,3962896,Italy,hip hop,11.0,hip hop,0.0,0.0,0.0,0.0,0.0,0.0,1.0,0.0
40,40,TLC,0TImkz4nPqjegtVSMZnMRq,https://instagram.com/officialtlc,https://en.wikipedia.org/wiki/TLC_(group),3217302,7899246,16,716672277,1992-02-25,366,5,43,94,60,202338,United States,r&b,32.0,r&b,1.0,0.0,0.0,0.0,0.0,0.0,0.0,0.0
41,41,Heart,34jw2BbxjoYalTp8cJFCPv,https://instagram.com/heartofficial,https://en.wikipedia.org/wiki/Heart_(band),2038699,7206517,9,310076343,1995-01-01,331,22,143,93,61,78349,United States,rock,55.0,rock,1.0,0.0,0.0,0.0,0.0,0.0,0.0,1.0
42,42,Yhung T.O.,1Yss4ClgrS9sIprNlq5O3l,https://instagram.com/yhungto,https://en.wikipedia.org/wiki/SOB_X_RBE,120565,295374,43,31073748,2017-08-29,60,11,112,88,64,211089,United States,west coast hip hop,6.0,hip hop,1.0,0.0,0.0,0.0,0.0,0.0,1.0,0.0
43,43,Gorillaz,3AA28KZvwAUcZuOKwyblJQ,https://instagram.com/gorillaz,https://en.wikipedia.org/wiki/Gorillaz,9183835,17746176,59,940854899,2002-07-01,241,11,121,89,65,3998467,United Kingdom,alternative rock,24.0,rock,1.0,0.0,0.0,0.0,0.0,0.0,0.0,1.0
44,44,Led Zeppelin,36QJpDe2go2KgaRleHCDTp,https://instagram.com/LedZeppelin,https://en.wikipedia.org/wiki/Led_Zeppelin,12517481,17051773,0,725601603,1976-03-31,557,23,2,91,67,1567970,United Kingdom,hard rock,54.0,rock,1.0,0.0,0.0,0.0,0.0,0.0,0.0,1.0
45,45,Jack Harlow,2LIk90788K0zvyj2JJVwkJ,https://instagram.com/jackharlow,https://en.wikipedia.org/wiki/Jack_Harlow,2471593,39814252,22,1465421845,2016-06-17,74,7,692,93,68,6857911,United States,hip hop,11.0,hip hop,1.0,0.0,0.0,0.0,0.0,0.0,1.0,0.0
46,46,Eurythmics,0NKDgy9j66h3DLnN8qu1bB,https://instagram.com/eurythmicsmusic/,https://en.wikipedia.org/wiki/Eurythmics,1573430,9604175,7,906045224,1983-11-14,465,14,25,92,71,60397,United Kingdom,pop,42.0,pop,1.0,0.0,0.0,0.0,0.0,0.0,0.0,0.0
47,47,*NSYNC,6Ff53KvcvAj5U7Z1vojB5o,https://instagram.com/nsync,https://en.wikipedia.org/wiki/NSYNC,1841133,6095302,0,408845380,1997-05-20,303,8,65,93,72,356129,United States,pop,27.0,pop,1.0,0.0,0.0,0.0,0.0,0.0,0.0,0.0
48,48,Evanescence,5nGIFgo0shDenQYSE0Sn7c,https://instagram.com/EvanescenceOfficial,https://en.wikipedia.org/wiki/Evanescence,3517026,8714199,9,673652470,2003-03-04,233,9,139,90,73,1528950,United States,alternative metal,27.0,rock,1.0,0.0,0.0,0.0,0.0,0.0,0.0,1.0
49,49,Aminé,3Gm5F95VdRxW3mqCn8RPBJ,https://instagram.com/amine,https://en.wikipedia.org/wiki/Amin%C3%A9_(rapper),1812251,8135261,12,665367285,2017-07-28,61,5,241,89,75,1697406,United States,hip hop,8.0,hip hop,1.0,0.0,0.0,0.0,0.0,0.0,1.0,0.0
50,50,Jhené Aiko,5ZS223C6JyBfXasXxrRqOk,https://instagram.com/jheneaiko,https://en.wikipedia.org/wiki/Jhen%C3%A9_Aiko,5738597,10868614,22,276795483,2013-01-01,115,7,481,90,76,14983623,United States,r&b,20.0,r&b,1.0,0.0,0.0,0.0,0.0,0.0,0.0,0.0
51,51,Eagles,0ECwFtbIWEVNwjlrfc6xoL,https://instagram.com/eagles,https://en.wikipedia.org/wiki/Eagles_(band),8494308,17527898,5,1116883381,1973-12-30,584,11,7,92,77,45654,United States,rock,51.0,rock,1.0,0.0,0.0,0.0,0.0,0.0,0.0,1.0
52,52,ODESZA,21mKp7DqtSNHhCAU2ugvUw,https://instagram.com/odesza,https://en.wikipedia.org/wiki/Odesza,1433485,6173503,29,184773028,2012-09-05,119,7,23,88,80,564070,United States,indietronica,10.0,electronic music,1.0,0.0,0.0,0.0,1.0,0.0,0.0,0.0
53,53,Mt. Joy,69tiO1fG8VWduDl3ji2qhI,https://instagram.com/mtjoyband,https://en.wikipedia.org/wiki/Mt._Joy_(band),300685,2925198,16,116201990,2018-03-02,53,4,2,92,81,131954,United States,alternative rock,6.0,rock,1.0,0.0,0.0,0.0,0.0,0.0,0.0,1.0
54,54,YG,0A0FS04o6zMoto8OKPsDwY,https://instagram.com/yg,https://en.wikipedia.org/wiki/YG_(rapper),2911207,13445481,40,338425386,2014-03-18,101,13,487,89,82,8304025,United States,hip hop,16.0,hip hop,1.0,0.0,0.0,0.0,0.0,0.0,1.0,0.0
55,55,YFN Lucci,5Berubt6ysOy2LCMyqhmXP,https://instagram.com/yfnlucci,https://en.wikipedia.org/wiki/YFN_Lucci,2178623,1543873,47,189780070,2015-06-02,86,9,297,86,84,5134830,United States,hip hop,8.0,hip hop,1.0,0.0,0.0,0.0,0.0,0.0,1.0,0.0
56,56,Lil Uzi Vert,4O15NlyKLIASxsJ0PrXPfz,https://instagram.com/liluzivert,https://en.wikipedia.org/wiki/Lil_Uzi_Vert,13742965,22046615,33,1739350586,2015-12-18,80,9,766,88,85,16387879,United States,hip hop,10.0,hip hop,1.0,0.0,0.0,0.0,0.0,0.0,1.0,0.0
57,57,Bob Marley & The Wailers,2QsynagSdAqZj3U9HgDzjD,https://instagram.com/bobmarley,https://en.wikipedia.org/wiki/Bob_Marley,10777190,16003967,24,673677706,2012-04-17,124,37,133,91,87,6514600,Jamaica,reggae,60.0,dance music,0.0,0.0,0.0,1.0,0.0,0.0,0.0,0.0
58,58,ZZ Top,2AM4ilv6UzW0uMRuqKtDgN,https://instagram.com/zztop,http://en.wikipedia.org/wiki/ZZ_Top,3693640,7647220,11,400992981,1985-10-28,442,17,378,91,88,420832,United States,blues rock,53.0,r&b,1.0,0.0,0.0,0.0,0.0,0.0,0.0,0.0
59,59,Air Supply,4xXCRXOfQKQ2gjWxNhNzYW,https://instagram.com/airsupplymusic,https://en.wikipedia.org/wiki/Air_Supply,3296658,4685858,1,296978083,2001-08-28,252,23,121,93,89,40947,Australia,soft rock,47.0,rock,1.0,0.0,0.0,0.0,0.0,0.0,0.0,1.0
60,60,Turnpike Troubadours,1YSA4byX5AL1zoTsSTlB03,https://instagram.com/turnpiketroubadours,https://en.wikipedia.org/wiki/Turnpike_Troubadours,354625,1354966,8,52398406,2010-08-31,144,4,3,90,90,251784,United States,red dirt,15.0,country,1.0,0.0,1.0,0.0,0.0,0.0,0.0,0.0
61,61,Ski Mask The Slump God,2rhFzFmezpnW82MNqEKVry,https://instagram.com/theslumpgod,https://en.wikipedia.org/wiki/Ski_Mask_the_Slump_God,5088398,8779800,24,453135029,2018-02-02,54,4,146,89,91,5391335,United States,hip hop,8.0,hip hop,1.0,0.0,0.0,0.0,0.0,0.0,1.0,0.0
62,62,Eric Church,2IvkS5MXK0vPGnwyJsrEyV,https://instagram.com/ericchurchmusic/,https://en.wikipedia.org/wiki/Eric_Church,3488237,6233571,32,327539731,2015-11-11,81,15,177,91,93,1266546,United States,country,17.0,country,1.0,0.0,1.0,0.0,0.0,0.0,0.0,0.0
63,63,KB,77IKXFvO7SpWrq8hflrUXc,https://instagram.com/kb_hga,https://en.wikipedia.org/wiki/KB_(rapper),366450,984295,37,29178358,2012-07-17,121,6,51,92,94,367883,United States,christian hip hop,16.0,hip hop,1.0,0.0,0.0,0.0,0.0,0.0,1.0,0.0
64,64,GJan,6fuceMe1tElXcrzMaSjdcy,https://instagram.com/gjan,https://en.wikipedia.org/wiki/GJan,32743,131646,24,5159937,2017-10-18,58,2,2,86,96,35133,Lithuania,pop,12.0,pop,0.0,0.0,0.0,0.0,0.0,0.0,0.0,0.0
65,65,Oh Wonder,5cIc3SBFuBLVxJz58W2tU9,https://instagram.com/ohwondermusic,https://en.wikipedia.org/wiki/Oh_Wonder,1041211,7365299,28,688755408,2015-09-04,83,4,322,89,99,258782,United Kingdom,indie pop,8.0,pop,1.0,0.0,0.0,0.0,0.0,0.0,0.0,0.0
66,66,CNCO,0eecdvMrqBftK0M1VKhaF4,https://instagram.com/cncomusic,https://en.wikipedia.org/wiki/CNCO,9081087,8257943,28,629966140,2016-08-26,72,6,103,92,100,3703438,United States,latin pop,7.0,pop,1.0,0.0,0.0,0.0,0.0,0.0,0.0,0.0
67,67,Xscape,5z2cHsOmmmWcAPNG1oEhw0,https://instagram.com/officialxscape,https://en.wikipedia.org/wiki/xscape_(group),1337567,685399,1,41466554,1993-10-12,346,3,29,89,101,887808,United States,latin pop,31.0,pop,1.0,0.0,0.0,0.0,0.0,0.0,0.0,0.0
68,68,XV,4GKRKf0FAK4nLtmL3u3JQ9,https://instagram.com/XtotheV,https://en.wikipedia.org/wiki/XV_(rapper),25705,39734,32,4546446,2006-12-20,188,9,64,87,102,10695,United States,hip hop,22.0,hip hop,1.0,0.0,0.0,0.0,0.0,0.0,1.0,0.0
69,69,Gym Class Heroes,4IJczjB0fJ04gs4uvP0Fli,https://instagram.com/gymclassheroes,https://en.wikipedia.org/wiki/Gym_Class_Heroes,1393352,11090310,5,862276885,2005-02-22,210,5,204,92,103,65243,United States,hip hop,25.0,hip hop,1.0,0.0,0.0,0.0,0.0,0.0,1.0,0.0
70,70,DaBaby,4r63FhuTkUYltbVAg5TQnk,https://instagram.com/dababy,https://en.wikipedia.org/wiki/DaBaby,10018425,32222139,36,1467557804,2016-12-02,68,10,778,92,104,21278863,United States,hip hop,8.0,hip hop,1.0,0.0,0.0,0.0,0.0,0.0,1.0,0.0
71,71,MGMT,0SwO7SWeDHJijQ3XNS7xEE,https://instagram.com/whoismgmt,https://en.wikipedia.org/wiki/MGMT,2597961,11606422,20,594734779,2002-12-30,236,6,188,89,108,392191,United States,indie rock,18.0,rock,1.0,0.0,0.0,0.0,0.0,0.0,0.0,1.0
72,72,Ycee,5zqRdlPXeCIuxgaPimSKXj,https://instagram.com/iam_ycee,https://en.wikipedia.org/wiki/YCEE,304777,432398,29,53209437,2019-11-08,33,2,121,89,109,2195898,Niger,afropop,10.0,pop,0.0,0.0,0.0,0.0,0.0,0.0,0.0,0.0
73,73,Playboi Carti,699OTQXzgjhIYAHMy9RyPD,https://instagram.com/playboicarti,https://en.wikipedia.org/wiki/Playboi_Carti,6954700,15251144,6,575864924,2017-04-14,64,3,292,89,114,8617758,United States,hip hop,11.0,hip hop,1.0,0.0,0.0,0.0,0.0,0.0,1.0,0.0
74,74,Vance Joy,10exVja0key0uqUkk6LJRT,https://instagram.com/vancejoy,https://en.wikipedia.org/wiki/Vance_Joy,2688702,17837134,32,1612528768,2014-09-09,95,5,512,92,115,608721,Australia,indie pop,9.0,pop,1.0,0.0,0.0,0.0,0.0,0.0,0.0,0.0
75,75,OG Parker,5hhgghBFkLDdMn93GW4x3I,https://instagram.com/ogxparker,https://en.wikipedia.org/wiki/OG_Parker,17676,2065502,9,176618527,2019-05-28,39,3,25,87,116,270460,United States,indie pop,9.0,pop,1.0,0.0,0.0,0.0,0.0,0.0,0.0,0.0
76,76,Outkast,1G9G7WwrXka3Z1r7aIDjI7,https://instagram.com/outkast,https://en.wikipedia.org/wiki/Outkast,2019270,16946669,9,924591877,1994-04-26,340,9,55,91,119,455090,United States,southern hip hop,30.0,hip hop,1.0,0.0,0.0,0.0,0.0,0.0,1.0,0.0
77,77,BJ The Chicago Kid,07d5etnpjriczFBB8pxmRe,https://instagram.com/bjthechicagokid/,https://en.wikipedia.org/wiki/BJ_the_Chicago_Kid,403476,1187423,33,83114184,2012-02-21,126,4,250,88,120,225047,United States,r&b,21.0,r&b,1.0,0.0,0.0,0.0,0.0,0.0,0.0,0.0
78,78,Excision,5FKchcZpQOkqFvXBj1aCvb,https://instagram.com/excision,https://en.wikipedia.org/wiki/Excision_(musician),648788,1791626,61,38735869,2012-10-03,118,11,52,90,121,805552,Canada,dubstep,16.0,electronic music,1.0,0.0,0.0,0.0,1.0,0.0,0.0,0.0
79,79,JJ Heller,7dq8KEwf0kQXJhM79iwcPh,https://instagram.com/jjhellermusic,https://en.wikipedia.org/wiki/JJ_Heller,110644,1288217,89,20092574,2010-10-19,142,13,7,91,122,57006,United States,folk music,19.0,folk,1.0,0.0,0.0,0.0,0.0,1.0,0.0,0.0
80,80,Mustard,0YinUQ50QDB7ZxSCLyQ40k,https://instagram.com/mustard/,https://en.wikipedia.org/wiki/Mustard_(record_producer),989989,8852481,20,662813734,2014-08-11,96,4,251,91,123,3001322,United States,hip hop,13.0,hip hop,1.0,0.0,0.0,0.0,0.0,0.0,1.0,0.0
81,81,Gunna,2hlmm7s2ICUX0LVIhVFlZQ,https://instagram.com/gunna,https://en.wikipedia.org/wiki/Gunna_(rapper),4545004,24837488,54,1072722108,2017-05-11,63,11,605,91,124,4484872,United States,hip hop,9.0,hip hop,1.0,0.0,0.0,0.0,0.0,0.0,1.0,0.0
82,82,JID,6U3ybJ9UHNKEdsH7ktGBZ7,https://instagram.com/jidsv/,https://en.wikipedia.org/wiki/J.I.D,929456,20907075,22,836538824,2017-03-10,65,4,148,93,125,1312300,U.S. JIDEducationStephenson High SchoolHampton University (no degree,hip hop,12.0,hip hop,0.0,0.0,0.0,0.0,0.0,0.0,1.0,0.0
83,83,OneRepublic,5Pwc4xIPtQLFEnJriah9YJ,https://instagram.com/onerepublic,https://en.wikipedia.org/wiki/OneRepublic,14181121,45890978,49,1648152334,2007-01-01,187,10,1166,93,126,2422661,United States,pop rock,20.0,pop,1.0,0.0,0.0,0.0,0.0,0.0,0.0,0.0
84,84,Panic! At The Disco,20JZFwl6HVl6yg8a4H3ZqK,https://instagram.com/panicatthedisco,https://en.wikipedia.org/wiki/Panic!_at_the_Disco,11517702,23802326,11,1266101606,2005-09-27,203,9,388,90,133,4503053,United States,pop rock,18.0,pop,1.0,0.0,0.0,0.0,0.0,0.0,0.0,0.0
85,85,XYLØ,6ioOEWNNGK40H8xrGj6XPW,https://instagram.com/xylo,https://en.wikipedia.org/wiki/XYLO,317536,840085,40,149490840,2020-03-27,29,2,4,88,135,69099,United States,pop,7.0,pop,1.0,0.0,0.0,0.0,0.0,0.0,0.0,0.0
86,86,Cigarettes After Sex,1QAJqy2dA3ihHBFIHRphZj,https://instagram.com/cigsaftersex,https://en.wikipedia.org/wiki/Cigarettes_After_Sex,4576815,12693000,11,437193732,2017-06-09,62,2,0,92,140,1292848,United States,dream pop,14.0,pop,1.0,0.0,0.0,0.0,0.0,0.0,0.0,0.0
87,87,Sech,77ziqFxp5gaInVrF2lj4ht,https://instagram.com/sechmusic,https://en.wikipedia.org/wiki/Sech_(singer),11073394,23324295,62,525629843,2018-12-06,44,6,670,95,141,6654379,Panama,reggaeton,8.0,dance music,0.0,1.0,0.0,1.0,0.0,0.0,0.0,0.0
88,88,AC/DC,711MCceyCBcFnzjGY4Q7Un,https://instagram.com/acdc,https://en.wikipedia.org/wiki/AC/DC,24239533,24848547,3,1076592410,1988-02-01,414,21,1,92,142,3957109,Australia,hard rock,49.0,rock,1.0,0.0,0.0,0.0,0.0,0.0,0.0,1.0
89,89,blackbear,2cFrymmkijnjDg9SS92EPM,https://instagram.com/bear,https://en.wikipedia.org/wiki/Blackbear_(musician),4778198,22901984,45,1056965317,2015-02-14,90,6,247,89,143,4218324,United States,pop,16.0,pop,1.0,0.0,0.0,0.0,0.0,0.0,0.0,0.0
